TestNo,TestName,Runtime
1,org.apache.commons.math3.exception.util.ArgUtilsTest,2
2,org.apache.commons.math3.genetics.FixedGenerationCountTest,5
3,org.apache.commons.math3.ml.distance.CanberraDistanceTest,5
4,org.apache.commons.math3.ml.distance.EarthMoversDistanceTest,5
5,org.apache.commons.math3.geometry.euclidean.threed.RotationOrderTest,6
6,org.apache.commons.math3.util.PairTest,6
7,org.apache.commons.math3.exception.DimensionMismatchExceptionTest,7
8,org.apache.commons.math3.util.ContinuedFractionTest,7
9,org.apache.commons.math3.genetics.ChromosomeTest,8
10,org.apache.commons.math3.geometry.partitioning.utilities.AVLTreeTest,8
11,org.apache.commons.math3.exception.NotStrictlyPositiveExceptionTest,9
12,org.apache.commons.math3.genetics.BinaryMutationTest,9
13,org.apache.commons.math3.genetics.OnePointCrossoverTest,9
14,org.apache.commons.math3.genetics.RandomKeyMutationTest,9
15,org.apache.commons.math3.linear.MatrixDimensionMismatchExceptionTest,9
16,org.apache.commons.math3.ml.distance.ChebyshevDistanceTest,9
17,org.apache.commons.math3.exception.MaxCountExceededExceptionTest,10
18,org.apache.commons.math3.exception.NonMonotonicSequenceExceptionTest,10
19,org.apache.commons.math3.exception.NotPositiveExceptionTest,10
20,org.apache.commons.math3.exception.NumberIsTooSmallExceptionTest,10
21,org.apache.commons.math3.stat.descriptive.moment.InteractionTest,10
22,org.apache.commons.math3.stat.descriptive.rank.MedianTest,10
23,org.apache.commons.math3.RetryRunnerTest,11
24,org.apache.commons.math3.exception.NumberIsTooLargeExceptionTest,11
25,org.apache.commons.math3.exception.OutOfRangeExceptionTest,11
26,org.apache.commons.math3.fitting.WeightedObservedPointsTest,11
27,org.apache.commons.math3.genetics.TournamentSelectionTest,11
28,org.apache.commons.math3.optimization.PointValuePairTest,11
29,org.apache.commons.math3.linear.OpenMapRealMatrixTest,12
30,org.apache.commons.math3.ml.distance.EuclideanDistanceTest,12
31,org.apache.commons.math3.optim.PointVectorValuePairTest,12
32,org.apache.commons.math3.optim.univariate.SimpleUnivariateValueCheckerTest,12
33,org.apache.commons.math3.analysis.polynomials.PolynomialSplineFunctionTest,13
34,org.apache.commons.math3.complex.ComplexFieldTest,13
35,org.apache.commons.math3.geometry.euclidean.twod.SegmentTest,13
36,org.apache.commons.math3.ml.distance.ManhattanDistanceTest,13
37,org.apache.commons.math3.util.BigRealFieldTest,13
38,org.apache.commons.math3.optim.SimplePointCheckerTest,14
39,org.apache.commons.math3.optim.SimpleVectorValueCheckerTest,14
40,org.apache.commons.math3.genetics.BinaryChromosomeTest,15
41,org.apache.commons.math3.optim.SimpleValueCheckerTest,15
42,org.apache.commons.math3.optim.univariate.BracketFinderTest,15
43,org.apache.commons.math3.optimization.SimpleValueCheckerTest,15
44,org.apache.commons.math3.analysis.integration.gauss.GaussIntegratorTest,16
45,org.apache.commons.math3.complex.RootsOfUnityTest,16
46,org.apache.commons.math3.optimization.SimplePointCheckerTest,16
47,org.apache.commons.math3.optimization.SimpleVectorValueCheckerTest,16
48,org.apache.commons.math3.util.MultidimensionalCounterTest,16
49,org.apache.commons.math3.util.TransformerMapTest,16
50,org.apache.commons.math3.optim.PointValuePairTest,17
51,org.apache.commons.math3.optimization.univariate.BracketFinderTest,17
52,org.apache.commons.math3.optimization.univariate.SimpleUnivariateValueCheckerTest,17
53,org.apache.commons.math3.util.IncrementorTest,17
54,org.apache.commons.math3.genetics.CycleCrossoverTest,18
55,org.apache.commons.math3.genetics.ElitisticListPopulationTest,19
56,org.apache.commons.math3.genetics.NPointCrossoverTest,19
57,org.apache.commons.math3.genetics.OrderedCrossoverTest,19
58,org.apache.commons.math3.optimization.PointVectorValuePairTest,19
59,org.apache.commons.math3.stat.descriptive.StatisticalSummaryValuesTest,19
60,org.apache.commons.math3.analysis.integration.SimpsonIntegratorTest,20
61,org.apache.commons.math3.analysis.integration.gauss.HermiteTest,20
62,org.apache.commons.math3.analysis.solvers.NewtonRaphsonSolverTest,20
63,org.apache.commons.math3.analysis.solvers.NewtonSolverTest,20
64,org.apache.commons.math3.geometry.euclidean.oned.IntervalTest,20
65,org.apache.commons.math3.geometry.euclidean.twod.LineTest,20
66,org.apache.commons.math3.ode.sampling.DummyStepInterpolatorTest,20
67,org.apache.commons.math3.analysis.integration.RombergIntegratorTest,21
68,org.apache.commons.math3.analysis.interpolation.SplineInterpolatorTest,21
69,org.apache.commons.math3.analysis.polynomials.PolynomialFunctionNewtonFormTest,21
70,org.apache.commons.math3.geometry.euclidean.threed.LineTest,21
71,org.apache.commons.math3.stat.descriptive.rank.PercentileTest,21
72,org.apache.commons.math3.stat.inference.WilcoxonSignedRankTestTest,21
73,org.apache.commons.math3.analysis.polynomials.PolynomialFunctionLagrangeFormTest,22
74,org.apache.commons.math3.linear.SparseFieldVectorTest,22
75,org.apache.commons.math3.stat.inference.MannWhitneyUTestTest,22
76,org.apache.commons.math3.transform.FastHadamardTransformerTest,22
77,org.apache.commons.math3.analysis.solvers.BisectionSolverTest,23
78,org.apache.commons.math3.analysis.solvers.RiddersSolverTest,23
79,org.apache.commons.math3.exception.TooManyEvaluationsExceptionTest,23
80,org.apache.commons.math3.stat.clustering.EuclideanDoublePointTest,23
81,org.apache.commons.math3.stat.clustering.EuclideanIntegerPointTest,23
82,org.apache.commons.math3.stat.descriptive.MixedListUnivariateImplTest,23
83,org.apache.commons.math3.util.DefaultTransformerTest,23
84,org.apache.commons.math3.analysis.integration.TrapezoidIntegratorTest,24
85,org.apache.commons.math3.analysis.solvers.MullerSolverTest,24
86,org.apache.commons.math3.optimization.univariate.UnivariateMultiStartOptimizerTest,24
87,org.apache.commons.math3.stat.descriptive.moment.FirstMomentTest,24
88,org.apache.commons.math3.stat.descriptive.rank.MinTest,24
89,org.apache.commons.math3.analysis.function.SqrtTest,25
90,org.apache.commons.math3.analysis.solvers.MullerSolver2Test,25
91,org.apache.commons.math3.complex.ComplexUtilsTest,25
92,org.apache.commons.math3.genetics.RandomKeyTest,25
93,org.apache.commons.math3.stat.descriptive.moment.VectorialMeanTest,25
94,org.apache.commons.math3.stat.descriptive.summary.SumTest,25
95,org.apache.commons.math3.analysis.function.StepFunctionTest,26
96,org.apache.commons.math3.analysis.interpolation.UnivariatePeriodicInterpolatorTest,26
97,org.apache.commons.math3.analysis.solvers.PegasusSolverTest,26
98,org.apache.commons.math3.genetics.ListPopulationTest,26
99,org.apache.commons.math3.optim.nonlinear.scalar.MultivariateFunctionPenaltyAdapterTest,26
100,org.apache.commons.math3.stat.data.LotteryTest,26
101,org.apache.commons.math3.stat.descriptive.summary.SumSqTest,26
102,org.apache.commons.math3.stat.ranking.NaturalRankingTest,26
103,org.apache.commons.math3.fraction.FractionFieldTest,27
104,org.apache.commons.math3.stat.descriptive.moment.SecondMomentTest,27
105,org.apache.commons.math3.analysis.polynomials.PolynomialFunctionTest,28
106,org.apache.commons.math3.analysis.solvers.SecantSolverTest,28
107,org.apache.commons.math3.fraction.BigFractionFieldTest,28
108,org.apache.commons.math3.stat.data.LewTest,28
109,org.apache.commons.math3.stat.descriptive.rank.MaxTest,28
110,org.apache.commons.math3.util.PrecisionTest,28
111,org.apache.commons.math3.analysis.interpolation.NevilleInterpolatorTest,29
112,org.apache.commons.math3.analysis.solvers.RegulaFalsiSolverTest,29
113,org.apache.commons.math3.analysis.solvers.UnivariateSolverUtilsTest,29
114,org.apache.commons.math3.stat.clustering.DBSCANClustererTest,29
115,org.apache.commons.math3.stat.descriptive.moment.ThirdMomentTest,29
116,org.apache.commons.math3.analysis.interpolation.TricubicSplineInterpolatorTest,30
117,org.apache.commons.math3.stat.correlation.StorelessCovarianceTest,30
118,org.apache.commons.math3.stat.descriptive.summary.SumLogTest,30
119,org.apache.commons.math3.analysis.solvers.IllinoisSolverTest,31
120,org.apache.commons.math3.ml.clustering.DBSCANClustererTest,31
121,org.apache.commons.math3.ml.clustering.MultiKMeansPlusPlusClustererTest,31
122,org.apache.commons.math3.stat.descriptive.moment.FourthMomentTest,31
123,org.apache.commons.math3.analysis.interpolation.LinearInterpolatorTest,32
124,org.apache.commons.math3.geometry.euclidean.threed.PlaneTest,32
125,org.apache.commons.math3.linear.RectangularCholeskyDecompositionTest,32
126,org.apache.commons.math3.stat.inference.ChiSquareTestTest,32
127,org.apache.commons.math3.analysis.interpolation.TricubicSplineInterpolatingFunctionTest,33
128,org.apache.commons.math3.genetics.FitnessCachingTest,33
129,org.apache.commons.math3.linear.CholeskySolverTest,33
130,org.apache.commons.math3.optimization.MultivariateMultiStartOptimizerTest,33
131,org.apache.commons.math3.stat.descriptive.moment.SkewnessTest,33
132,org.apache.commons.math3.stat.descriptive.AggregateSummaryStatisticsTest,34
133,org.apache.commons.math3.stat.descriptive.moment.StandardDeviationTest,34
134,org.apache.commons.math3.stat.descriptive.moment.VectorialCovarianceTest,34
135,org.apache.commons.math3.optim.univariate.MultiStartUnivariateOptimizerTest,35
136,org.apache.commons.math3.stat.descriptive.moment.GeometricMeanTest,35
137,org.apache.commons.math3.stat.inference.OneWayAnovaTest,35
138,org.apache.commons.math3.util.BigRealTest,35
139,org.apache.commons.math3.analysis.interpolation.DividedDifferenceInterpolatorTest,36
140,org.apache.commons.math3.analysis.solvers.LaguerreSolverTest,36
141,org.apache.commons.math3.optim.nonlinear.scalar.MultivariateFunctionMappingAdapterTest,36
142,org.apache.commons.math3.optimization.direct.MultivariateFunctionPenaltyAdapterTest,36
143,org.apache.commons.math3.optimization.direct.SimplexOptimizerMultiDirectionalTest,36
144,org.apache.commons.math3.optimization.direct.PowellOptimizerTest,37
145,org.apache.commons.math3.stat.FrequencyTest,37
146,org.apache.commons.math3.stat.descriptive.summary.ProductTest,37
147,org.apache.commons.math3.complex.FrenchComplexFormatTest,38
148,org.apache.commons.math3.genetics.GeneticAlgorithmTestBinary,38
149,org.apache.commons.math3.geometry.euclidean.threed.Vector3DFormatTest,38
150,org.apache.commons.math3.geometry.euclidean.twod.SubLineTest,38
151,org.apache.commons.math3.linear.CholeskyDecompositionTest,38
152,org.apache.commons.math3.stat.inference.GTestTest,38
153,org.apache.commons.math3.analysis.function.SigmoidTest,39
154,org.apache.commons.math3.linear.BiDiagonalTransformerTest,39
155,org.apache.commons.math3.analysis.function.HarmonicOscillatorTest,40
156,org.apache.commons.math3.geometry.euclidean.oned.IntervalsSetTest,40
157,org.apache.commons.math3.optim.nonlinear.scalar.noderiv.PowellOptimizerTest,40
158,org.apache.commons.math3.optim.nonlinear.scalar.noderiv.SimplexOptimizerMultiDirectionalTest,40
159,org.apache.commons.math3.stat.descriptive.moment.SemiVarianceTest,40
160,org.apache.commons.math3.geometry.euclidean.threed.FrenchVector3DFormatTest,41
161,org.apache.commons.math3.linear.ArrayFieldVectorTest,41
162,org.apache.commons.math3.ode.events.ReappearingEventTest,41
163,org.apache.commons.math3.ml.clustering.FuzzyKMeansClustererTest,42
164,org.apache.commons.math3.analysis.integration.gauss.BaseRuleFactoryTest,43
165,org.apache.commons.math3.complex.ComplexFormatTest,43
166,org.apache.commons.math3.stat.descriptive.ListUnivariateImplTest,43
167,org.apache.commons.math3.analysis.solvers.BrentSolverTest,44
168,org.apache.commons.math3.linear.TriDiagonalTransformerTest,44
169,org.apache.commons.math3.optim.nonlinear.scalar.MultiStartMultivariateOptimizerTest,44
170,org.apache.commons.math3.optim.nonlinear.scalar.noderiv.SimplexOptimizerNelderMeadTest,44
171,org.apache.commons.math3.stat.descriptive.DescriptiveStatisticsTest,44
172,org.apache.commons.math3.stat.inference.TTestTest,44
173,org.apache.commons.math3.complex.QuaternionTest,45
174,org.apache.commons.math3.util.MathUtilsTest,45
175,org.apache.commons.math3.stat.descriptive.moment.MeanTest,46
176,org.apache.commons.math3.util.ArithmeticUtilsTest,46
177,org.apache.commons.math3.linear.LUSolverTest,47
178,org.apache.commons.math3.optimization.direct.MultivariateFunctionMappingAdapterTest,47
179,org.apache.commons.math3.fraction.BigFractionFormatTest,49
180,org.apache.commons.math3.stat.inference.TestUtilsTest,49
181,org.apache.commons.math3.analysis.differentiation.JacobianFunctionTest,50
182,org.apache.commons.math3.geometry.euclidean.threed.SubLineTest,50
183,org.apache.commons.math3.linear.EigenSolverTest,50
184,org.apache.commons.math3.linear.SingularValueSolverTest,50
185,org.apache.commons.math3.optim.linear.SimplexTableauTest,50
186,org.apache.commons.math3.stat.descriptive.moment.VarianceTest,50
187,org.apache.commons.math3.ode.sampling.StepNormalizerTest,51
188,org.apache.commons.math3.util.ResizableDoubleArrayTest,51
189,org.apache.commons.math3.linear.FrenchRealVectorFormatTest,52
190,org.apache.commons.math3.linear.FieldLUDecompositionTest,53
191,org.apache.commons.math3.ml.clustering.KMeansPlusPlusClustererTest,54
192,org.apache.commons.math3.ode.events.EventStateTest,54
193,org.apache.commons.math3.optim.nonlinear.vector.MultiStartMultivariateVectorOptimizerTest,54
194,org.apache.commons.math3.stat.correlation.CovarianceTest,54
195,org.apache.commons.math3.stat.correlation.SpearmansRankCorrelationTest,54
196,org.apache.commons.math3.fraction.FractionFormatTest,55
197,org.apache.commons.math3.linear.FieldLUSolverTest,55
198,org.apache.commons.math3.linear.MatrixUtilsTest,55
199,org.apache.commons.math3.optim.nonlinear.scalar.gradient.NonLinearConjugateGradientOptimizerTest,55
200,org.apache.commons.math3.linear.SparseFieldMatrixTest,56
201,org.apache.commons.math3.filter.KalmanFilterTest,57
202,org.apache.commons.math3.distribution.ZipfDistributionTest,58
203,org.apache.commons.math3.linear.SparseRealMatrixTest,58
204,org.apache.commons.math3.primes.PrimesTest,58
205,org.apache.commons.math3.analysis.integration.gauss.LegendreHighPrecisionParametricTest,59
206,org.apache.commons.math3.linear.LUDecompositionTest,59
207,org.apache.commons.math3.analysis.interpolation.SmoothingPolynomialBicubicSplineInterpolatorTest,60
208,org.apache.commons.math3.ode.sampling.StepNormalizerOutputTest,60
209,org.apache.commons.math3.stat.descriptive.SynchronizedDescriptiveStatisticsTest,60
210,org.apache.commons.math3.distribution.GeometricDistributionTest,61
211,org.apache.commons.math3.stat.CertifiedDataTest,61
212,org.apache.commons.math3.stat.descriptive.SynchronizedSummaryStatisticsTest,61
213,org.apache.commons.math3.optimization.direct.SimplexOptimizerNelderMeadTest,62
214,org.apache.commons.math3.special.GammaTest,62
215,org.apache.commons.math3.linear.RealVectorFormatTest,63
216,org.apache.commons.math3.stat.descriptive.SummaryStatisticsTest,63
217,org.apache.commons.math3.distribution.MultivariateNormalMixtureModelDistributionTest,64
218,org.apache.commons.math3.exception.util.ExceptionContextTest,64
219,org.apache.commons.math3.ode.sampling.StepNormalizerOutputOverlapTest,64
220,org.apache.commons.math3.special.ErfTest,64
221,org.apache.commons.math3.stat.correlation.PearsonsCorrelationTest,65
222,org.apache.commons.math3.analysis.interpolation.BicubicSplineInterpolatingFunctionTest,66
223,org.apache.commons.math3.linear.DiagonalMatrixTest,66
224,org.apache.commons.math3.analysis.integration.gauss.LegendreParametricTest,67
225,org.apache.commons.math3.analysis.interpolation.BicubicSplineInterpolatorTest,67
226,org.apache.commons.math3.transform.FastCosineTransformerTest,67
227,org.apache.commons.math3.transform.FastSineTransformerTest,67
228,org.apache.commons.math3.stat.descriptive.moment.KurtosisTest,69
229,org.apache.commons.math3.stat.regression.SimpleRegressionTest,69
230,org.apache.commons.math3.ode.events.OverlappingEventsTest,71
231,org.apache.commons.math3.analysis.interpolation.LoessInterpolatorTest,72
232,org.apache.commons.math3.optimization.linear.SimplexTableauTest,72
233,org.apache.commons.math3.analysis.integration.gauss.HermiteParametricTest,73
234,org.apache.commons.math3.util.MathArraysTest,73
235,org.apache.commons.math3.analysis.solvers.BracketingNthOrderBrentSolverTest,74
236,org.apache.commons.math3.special.BetaTest,74
237,org.apache.commons.math3.fitting.CurveFitterTest,75
238,org.apache.commons.math3.optimization.fitting.CurveFitterTest,75
239,org.apache.commons.math3.analysis.function.LogisticTest,76
240,org.apache.commons.math3.distribution.EnumeratedIntegerDistributionTest,76
241,org.apache.commons.math3.linear.RealMatrixFormatTest,76
242,org.apache.commons.math3.ode.FirstOrderConverterTest,76
243,org.apache.commons.math3.ode.nonstiff.EulerStepInterpolatorTest,76
244,org.apache.commons.math3.distribution.UniformRealDistributionTest,77
245,org.apache.commons.math3.util.OpenIntToFieldTest,77
246,org.apache.commons.math3.analysis.integration.gauss.LegendreTest,79
247,org.apache.commons.math3.stat.descriptive.SynchronizedMultivariateSummaryStatisticsTest,79
248,org.apache.commons.math3.linear.UnmodifiableArrayRealVectorTest,80
249,org.apache.commons.math3.optimization.MultivariateDifferentiableVectorMultiStartOptimizerTest,80
250,org.apache.commons.math3.analysis.function.LogitTest,82
251,org.apache.commons.math3.transform.FastFourierTransformerTest,82
252,org.apache.commons.math3.optim.univariate.BrentOptimizerTest,84
253,org.apache.commons.math3.geometry.euclidean.threed.Vector3DTest,85
254,org.apache.commons.math3.stat.StatUtilsTest,85
255,org.apache.commons.math3.stat.regression.OLSMultipleLinearRegressionTest,87
256,org.apache.commons.math3.optimization.MultivariateDifferentiableMultiStartOptimizerTest,90
257,org.apache.commons.math3.distribution.BetaDistributionTest,91
258,org.apache.commons.math3.analysis.function.GaussianTest,92
259,org.apache.commons.math3.ode.nonstiff.GraggBulirschStoerStepInterpolatorTest,92
260,org.apache.commons.math3.optimization.univariate.BrentOptimizerTest,92
261,org.apache.commons.math3.distribution.WeibullDistributionTest,93
262,org.apache.commons.math3.linear.QRDecompositionTest,93
263,org.apache.commons.math3.util.OpenIntToDoubleHashMapTest,94
264,org.apache.commons.math3.exception.util.LocalizedFormatsTest,95
265,org.apache.commons.math3.ode.nonstiff.DormandPrince54IntegratorTest,95
266,org.apache.commons.math3.distribution.UniformIntegerDistributionTest,96
267,org.apache.commons.math3.geometry.euclidean.twod.PolygonsSetTest,96
268,org.apache.commons.math3.distribution.PascalDistributionTest,97
269,org.apache.commons.math3.linear.Array2DRowRealMatrixTest,98
270,org.apache.commons.math3.ode.nonstiff.HighamHall54StepInterpolatorTest,98
271,org.apache.commons.math3.linear.QRSolverTest,99
272,org.apache.commons.math3.ode.ContinuousOutputModelTest,99
273,org.apache.commons.math3.util.FastMathStrictComparisonTest,99
274,org.apache.commons.math3.distribution.LevyDistributionTest,100
275,org.apache.commons.math3.analysis.differentiation.DSCompilerTest,101
276,org.apache.commons.math3.stat.descriptive.MultivariateSummaryStatisticsTest,101
277,org.apache.commons.math3.ode.nonstiff.DormandPrince54StepInterpolatorTest,105
278,org.apache.commons.math3.distribution.HypergeometricDistributionTest,107
279,org.apache.commons.math3.ode.nonstiff.HighamHall54IntegratorTest,108
280,org.apache.commons.math3.distribution.PoissonDistributionTest,109
281,org.apache.commons.math3.distribution.fitting.MultivariateNormalMixtureExpectationMaximizationTest,113
282,org.apache.commons.math3.linear.RRQRSolverTest,114
283,org.apache.commons.math3.geometry.euclidean.threed.RotationTest,116
284,org.apache.commons.math3.ode.nonstiff.DormandPrince853IntegratorTest,118
285,org.apache.commons.math3.ode.nonstiff.MidpointStepInterpolatorTest,118
286,org.apache.commons.math3.ode.nonstiff.ThreeEighthesStepInterpolatorTest,119
287,org.apache.commons.math3.ode.nonstiff.DormandPrince853StepInterpolatorTest,122
288,org.apache.commons.math3.distribution.ChiSquaredDistributionTest,123
289,org.apache.commons.math3.analysis.interpolation.HermiteInterpolatorTest,124
290,org.apache.commons.math3.util.Decimal64Test,124
291,org.apache.commons.math3.optimization.fitting.HarmonicFitterTest,125
292,org.apache.commons.math3.geometry.euclidean.threed.PolyhedronsSetTest,126
293,org.apache.commons.math3.distribution.CauchyDistributionTest,127
294,org.apache.commons.math3.fitting.HarmonicFitterTest,128
295,org.apache.commons.math3.distribution.ExponentialDistributionTest,129
296,org.apache.commons.math3.distribution.NormalDistributionTest,129
297,org.apache.commons.math3.ode.nonstiff.ClassicalRungeKuttaStepInterpolatorTest,129
298,org.apache.commons.math3.distribution.KolmogorovSmirnovDistributionTest,132
299,org.apache.commons.math3.ode.events.EventFilterTest,132
300,org.apache.commons.math3.optim.nonlinear.vector.jacobian.GaussNewtonOptimizerTest,132
301,org.apache.commons.math3.linear.UnmodifiableOpenMapRealVectorTest,139
302,org.apache.commons.math3.linear.FieldMatrixImplTest,140
303,org.apache.commons.math3.analysis.FunctionUtilsTest,143
304,org.apache.commons.math3.linear.RRQRDecompositionTest,143
305,org.apache.commons.math3.ode.nonstiff.EulerIntegratorTest,148
306,org.apache.commons.math3.complex.ComplexTest,152
307,org.apache.commons.math3.distribution.LogNormalDistributionTest,156
308,org.apache.commons.math3.analysis.integration.MidPointIntegratorTest,158
309,org.apache.commons.math3.ode.sampling.NordsieckStepInterpolatorTest,158
310,org.apache.commons.math3.analysis.interpolation.MicrosphereInterpolatorTest,159
311,org.apache.commons.math3.optimization.fitting.GaussianFitterTest,159
312,org.apache.commons.math3.fitting.GaussianCurveFitterTest,160
313,org.apache.commons.math3.ode.nonstiff.GillStepInterpolatorTest,160
314,org.apache.commons.math3.fitting.GaussianFitterTest,161
315,org.apache.commons.math3.genetics.UniformCrossoverTest,162
316,org.apache.commons.math3.fitting.leastsquares.GaussNewtonOptimizerTest,163
317,org.apache.commons.math3.ode.nonstiff.AdamsBashforthIntegratorTest,169
318,org.apache.commons.math3.stat.clustering.KMeansPlusPlusClustererTest,177
319,org.apache.commons.math3.fitting.leastsquares.LevenbergMarquardtOptimizerTest,180
320,org.apache.commons.math3.distribution.ParetoDistributionTest,184
321,org.apache.commons.math3.distribution.FDistributionTest,185
322,org.apache.commons.math3.optimization.general.NonLinearConjugateGradientOptimizerTest,187
323,org.apache.commons.math3.stat.regression.MillerUpdatingRegressionTest,187
324,org.apache.commons.math3.distribution.TDistributionTest,188
325,org.apache.commons.math3.linear.HessenbergTransformerTest,191
326,org.apache.commons.math3.optim.nonlinear.vector.jacobian.LevenbergMarquardtOptimizerTest,192
327,org.apache.commons.math3.geometry.euclidean.threed.FieldVector3DTest,193
328,org.apache.commons.math3.ode.nonstiff.ClassicalRungeKuttaIntegratorTest,195
329,org.apache.commons.math3.ode.nonstiff.MidpointIntegratorTest,195
330,org.apache.commons.math3.linear.ConjugateGradientTest,196
331,org.apache.commons.math3.optim.linear.SimplexSolverTest,196
332,org.apache.commons.math3.distribution.EnumeratedRealDistributionTest,200
333,org.apache.commons.math3.distribution.TriangularDistributionTest,205
334,org.apache.commons.math3.distribution.BinomialDistributionTest,206
335,org.apache.commons.math3.ode.nonstiff.AdamsMoultonIntegratorTest,210
336,org.apache.commons.math3.analysis.differentiation.FiniteDifferencesDifferentiatorTest,212
337,org.apache.commons.math3.genetics.GeneticAlgorithmTestPermutations,218
338,org.apache.commons.math3.dfp.DfpMathTest,222
339,org.apache.commons.math3.ode.nonstiff.GillIntegratorTest,227
340,org.apache.commons.math3.ode.nonstiff.ThreeEighthesIntegratorTest,241
341,org.apache.commons.math3.linear.SchurTransformerTest,246
342,org.apache.commons.math3.linear.ArrayRealVectorTest,276
343,org.apache.commons.math3.linear.SymmLQTest,278
344,org.apache.commons.math3.linear.SparseRealVectorTest,279
345,org.apache.commons.math3.fitting.leastsquares.MinpackTest,280
346,org.apache.commons.math3.linear.RealVectorTest,286
347,org.apache.commons.math3.optim.nonlinear.vector.jacobian.MinpackTest,295
348,org.apache.commons.math3.analysis.differentiation.GradientFunctionTest,306
349,org.apache.commons.math3.optimization.general.LevenbergMarquardtOptimizerTest,308
350,org.apache.commons.math3.dfp.DfpDecTest,310
351,org.apache.commons.math3.linear.SingularValueDecompositionTest,327
352,org.apache.commons.math3.linear.BlockRealMatrixTest,333
353,org.apache.commons.math3.distribution.MultivariateNormalDistributionTest,351
354,org.apache.commons.math3.linear.EigenDecompositionTest,368
355,org.apache.commons.math3.ode.nonstiff.GraggBulirschStoerIntegratorTest,377
356,org.apache.commons.math3.optimization.general.GaussNewtonOptimizerTest,382
357,org.apache.commons.math3.analysis.integration.LegendreGaussIntegratorTest,390
358,org.apache.commons.math3.distribution.GammaDistributionTest,392
359,org.apache.commons.math3.util.CombinatoricsUtilsTest,586
360,org.apache.commons.math3.geometry.euclidean.threed.SphericalCoordinatesTest,613
361,org.apache.commons.math3.stat.regression.GLSMultipleLinearRegressionTest,613
362,org.apache.commons.math3.analysis.function.SincTest,674
363,org.apache.commons.math3.optimization.linear.SimplexSolverTest,691
364,org.apache.commons.math3.dfp.BracketingNthOrderBrentSolverDFPTest,703
365,org.apache.commons.math3.analysis.polynomials.PolynomialsUtilsTest,858
366,org.apache.commons.math3.ode.JacobianMatricesTest,944
367,org.apache.commons.math3.linear.BlockFieldMatrixTest,967
368,org.apache.commons.math3.dfp.DfpTest,1168
369,org.apache.commons.math3.optimization.general.MinpackTest,1281
370,org.apache.commons.math3.analysis.integration.IterativeLegendreGaussIntegratorTest,1428
371,org.apache.commons.math3.fitting.PolynomialFitterTest,1708
372,org.apache.commons.math3.analysis.interpolation.FieldHermiteInterpolatorTest,1810
373,org.apache.commons.math3.analysis.differentiation.DerivativeStructureTest,1857
374,org.apache.commons.math3.geometry.euclidean.threed.FieldRotationDSTest,1996
375,org.apache.commons.math3.genetics.FixedElapsedTimeTest,3067
376,org.apache.commons.math3.geometry.euclidean.threed.FieldRotationDfpTest,3635
377,org.apache.commons.math3.optimization.direct.CMAESOptimizerTest,5210
378,org.apache.commons.math3.analysis.integration.gauss.LegendreHighPrecisionTest,7052
379,org.apache.commons.math3.optimization.fitting.PolynomialFitterTest,7182
380,org.apache.commons.math3.optim.nonlinear.scalar.noderiv.CMAESOptimizerTest,7593
381,org.apache.commons.math3.optim.nonlinear.scalar.noderiv.BOBYQAOptimizerTest,8277
382,org.apache.commons.math3.util.FastMathTest,8484
383,org.apache.commons.math3.optimization.direct.BOBYQAOptimizerTest,8574
